{"highlight_ids":[{"id":[31,12,60,254],"name":"ACDP","color":[0.15562373,0.47659793,0.0]}]}