{"highlight_ids":[{"id":[31,12,60,254],"name":"ACDP","color":[0.15562373,0.47659793,0.0]},{"id":[7,225],"name":"to EGS","color":[0.017689656,0.5662952,0.6342415]},{"id":[7,233],"name":"to ACDP","color":[0.33015662,0.057931107,0.44123712]}]}